{"Mean":{"confidence_interval":{"confidence_level":0.95,"lower_bound":-0.14327933448939964,"upper_bound":-0.10031754362579347},"point_estimate":-0.12309054252776941,"standard_error":0.01089225503987875},"Median":{"confidence_interval":{"confidence_level":0.95,"lower_bound":-0.17781344331854676,"upper_bound":-0.144157071656274},"point_estimate":-0.16235482191565143,"standard_error":0.008475810408203277}}