{"Mean":{"confidence_interval":{"confidence_level":0.95,"lower_bound":20228.675297942063,"upper_bound":21118.813227802828},"point_estimate":20651.918318113676,"standard_error":227.4248172687474},"Median":{"confidence_interval":{"confidence_level":0.95,"lower_bound":19469.361928104576,"upper_bound":19995.149682408173},"point_estimate":19615.877751977983,"standard_error":133.1799555212832},"MedianAbsDev":{"confidence_interval":{"confidence_level":0.95,"lower_bound":577.3996712715992,"upper_bound":1234.454679681832},"point_estimate":826.1576517933296,"standard_error":171.29674792390452},"Slope":{"confidence_interval":{"confidence_level":0.95,"lower_bound":19827.809204786165,"upper_bound":20570.223899037257},"point_estimate":20168.40334622751,"standard_error":189.86485822282756},"StdDev":{"confidence_interval":{"confidence_level":0.95,"lower_bound":1763.8138401475508,"upper_bound":2761.5300267876073},"point_estimate":2295.0207987278113,"standard_error":255.1409630446273}}