{"Mean":{"confidence_interval":{"confidence_level":0.95,"lower_bound":29156.784611007763,"upper_bound":30253.864068368595},"point_estimate":29679.986746778457,"standard_error":280.3565976170402},"Median":{"confidence_interval":{"confidence_level":0.95,"lower_bound":28149.06912878788,"upper_bound":28923.651420157687},"point_estimate":28463.666192283366,"standard_error":234.75897893396495},"MedianAbsDev":{"confidence_interval":{"confidence_level":0.95,"lower_bound":761.3032930750751,"upper_bound":1768.6607646429745},"point_estimate":1194.5431992598174,"standard_error":285.5455206606003},"Slope":{"confidence_interval":{"confidence_level":0.95,"lower_bound":28994.491821491865,"upper_bound":30451.049057388835},"point_estimate":29668.453273327334,"standard_error":371.98458757399686},"StdDev":{"confidence_interval":{"confidence_level":0.95,"lower_bound":2162.8862329558046,"upper_bound":3366.1339147975327},"point_estimate":2815.876667152955,"standard_error":307.06796380499424}}