{"Mean":{"confidence_interval":{"confidence_level":0.95,"lower_bound":-0.1635980541253265,"upper_bound":-0.11849377888174255},"point_estimate":-0.14085688159880516,"standard_error":0.011461404201342437},"Median":{"confidence_interval":{"confidence_level":0.95,"lower_bound":-0.1719232423848741,"upper_bound":-0.13281788910647085},"point_estimate":-0.15413372447498663,"standard_error":0.009934017937860156}}