{"Mean":{"confidence_interval":{"confidence_level":0.95,"lower_bound":23565.39751696102,"upper_bound":24686.125928976817},"point_estimate":24095.290000561698,"standard_error":285.9346810768522},"Median":{"confidence_interval":{"confidence_level":0.95,"lower_bound":23260.75456101606,"upper_bound":23799.231196581197},"point_estimate":23530.90126113203,"standard_error":138.25196190345744},"MedianAbsDev":{"confidence_interval":{"confidence_level":0.95,"lower_bound":1051.810100310436,"upper_bound":1856.655666734128},"point_estimate":1329.5071761168888,"standard_error":204.35102455694638},"Slope":{"confidence_interval":{"confidence_level":0.95,"lower_bound":23447.10615011158,"upper_bound":24122.88304093746},"point_estimate":23766.74670804394,"standard_error":171.5342147513501},"StdDev":{"confidence_interval":{"confidence_level":0.95,"lower_bound":1996.2231249981394,"upper_bound":3642.021253710705},"point_estimate":2874.910650542521,"standard_error":422.3912378860578}}